customer_id,arrival_time,day_type,service_time_seconds,withdrawal_amount_usd
1,2025-01-01 08:00:14.078043,Normal,43.32,56.38
2,2025-01-01 08:00:19.789911,Normal,51.29,39.5
3,2025-01-01 08:00:25.868253,Normal,63.63,11.73
4,2025-01-01 08:00:47.341401,Normal,46.38,21.75
5,2025-01-01 08:01:05.609442,Normal,50.56,61.95
6,2025-01-01 08:01:27.270317,Normal,51.83,52.22
7,2025-01-01 08:01:58.413627,Normal,50.97,87.05
8,2025-01-01 08:02:02.318194,Normal,52.0,49.89
9,2025-01-01 08:03:25.537278,Normal,101.67,73.87
10,2025-01-01 08:03:37.586965,Payday,193.44,198.29
11,2025-01-01 08:04:42.620128,Normal,68.73,67.75
12,2025-01-01 08:04:56.735736,Payday,197.02,167.89
13,2025-01-01 08:05:22.894780,Payday,192.7,106.69
14,2025-01-01 08:05:23.408608,Payday,132.01,108.31
15,2025-01-01 08:05:57.161141,Payday,194.14,109.76
16,2025-01-01 08:07:21.824202,Normal,65.42,37.1
17,2025-01-01 08:08:04.735985,Normal,82.43,56.76
18,2025-01-01 08:08:25.160427,Normal,20.7,66.44
19,2025-01-01 08:08:27.011445,Payday,174.82,143.19
20,2025-01-01 08:08:45.362230,Payday,182.94,106.54
21,2025-01-01 08:08:58.290523,Payday,150.82,134.46
22,2025-01-01 08:09:03.094435,Normal,48.16,64.87
23,2025-01-01 08:09:05.497563,Normal,47.87,39.96
24,2025-01-01 08:09:41.262529,Payday,166.89,106.46
25,2025-01-01 08:09:47.760933,Payday,195.56,130.06
26,2025-01-01 08:09:49.016253,Payday,221.95,186.22
27,2025-01-01 08:09:51.151701,Payday,165.05,99.71
28,2025-01-01 08:10:22.236861,Payday,152.93,160.18
29,2025-01-01 08:10:22.729950,Payday,110.75,179.8
30,2025-01-01 08:10:25.146066,Normal,67.52,73.16
31,2025-01-01 08:11:21.265385,Payday,198.94,109.29
32,2025-01-01 08:11:26.691658,Normal,52.05,60.27
33,2025-01-01 08:12:08.591914,Payday,175.57,84.13
34,2025-01-01 08:12:21.160384,Payday,233.15,132.53
35,2025-01-01 08:12:42.040386,Payday,133.83,49.93
36,2025-01-01 08:12:55.702248,Payday,242.71,85.62
37,2025-01-01 08:13:27.485932,Payday,121.33,99.94
38,2025-01-01 08:13:41.543339,Normal,49.47,43.45
39,2025-01-01 08:14:17.818740,Payday,236.06,74.33
40,2025-01-01 08:15:02.136532,Payday,225.78,128.39
41,2025-01-01 08:15:43.227608,Payday,203.45,104.15
42,2025-01-01 08:16:00.324857,Payday,209.42,191.27
43,2025-01-01 08:17:17.089712,Payday,163.28,38.97
44,2025-01-01 08:17:25.987276,Normal,31.22,49.47
45,2025-01-01 08:17:27.126737,Payday,158.17,85.19
46,2025-01-01 08:17:57.000355,Normal,57.11,56.03
47,2025-01-01 08:18:10.010626,Normal,77.14,65.04
48,2025-01-01 08:18:18.150621,Normal,47.97,77.68
49,2025-01-01 08:18:21.203242,Payday,137.29,108.82
50,2025-01-01 08:18:50.615899,Payday,184.45,126.1
51,2025-01-01 08:19:08.362146,Payday,206.11,74.49
52,2025-01-01 08:19:38.857848,Normal,44.07,59.47
53,2025-01-01 08:19:53.191445,Payday,215.26,148.85
54,2025-01-01 08:19:54.856955,Payday,226.81,125.37
55,2025-01-01 08:20:18.522556,Normal,48.25,43.56
56,2025-01-01 08:22:00.468514,Payday,132.73,137.98
57,2025-01-01 08:22:00.780819,Payday,161.62,50.48
58,2025-01-01 08:22:31.099532,Normal,55.13,45.88
59,2025-01-01 08:22:32.697184,Payday,206.29,69.18
60,2025-01-01 08:23:32.022104,Payday,165.03,113.78
61,2025-01-01 08:23:39.353229,Normal,63.9,65.64
62,2025-01-01 08:23:49.478386,Payday,138.95,169.2
63,2025-01-01 08:23:51.774624,Normal,79.49,32.66
64,2025-01-01 08:25:13.384903,Payday,133.87,52.51
65,2025-01-01 08:25:30.816865,Normal,63.39,66.95
66,2025-01-01 08:25:31.094054,Normal,64.4,35.71
67,2025-01-01 08:25:31.246287,Normal,62.62,25.66
68,2025-01-01 08:26:06.565745,Normal,42.13,63.13
69,2025-01-01 08:26:29.222057,Payday,266.6,167.62
70,2025-01-01 08:27:23.390350,Payday,171.83,152.16
71,2025-01-01 08:27:25.098991,Normal,74.45,58.26
72,2025-01-01 08:28:11.005878,Normal,46.66,33.68
73,2025-01-01 08:28:41.174321,Payday,199.66,142.79
74,2025-01-01 08:29:11.494213,Payday,213.63,128.31
75,2025-01-01 08:29:28.528690,Payday,225.66,97.63
76,2025-01-01 08:29:56.648695,Payday,119.14,189.87
77,2025-01-01 08:29:59.375161,Normal,73.18,45.21
78,2025-01-01 08:30:29.295192,Normal,60.2,79.07
79,2025-01-01 08:30:37.663305,Payday,224.12,197.41
80,2025-01-01 08:31:10.605316,Payday,175.54,87.8
81,2025-01-01 08:31:12.745750,Payday,159.31,98.07
82,2025-01-01 08:31:18.612701,Payday,174.89,97.58
83,2025-01-01 08:31:33.552723,Normal,43.94,59.65
84,2025-01-01 08:31:49.141931,Payday,180.75,73.13
85,2025-01-01 08:31:49.910525,Payday,185.06,90.62
86,2025-01-01 08:31:59.927563,Payday,186.27,160.94
87,2025-01-01 08:32:46.606363,Payday,219.11,35.77
88,2025-01-01 08:32:47.564730,Payday,135.46,190.81
89,2025-01-01 08:32:58.185218,Normal,58.14,64.81
90,2025-01-01 08:33:19.436018,Payday,204.83,161.61
91,2025-01-01 08:33:51.198670,Payday,118.91,51.91
92,2025-01-01 08:34:40.210478,Normal,47.3,19.7
93,2025-01-01 08:34:42.001257,Payday,157.84,183.97
94,2025-01-01 08:35:16.521434,Payday,186.39,105.35
95,2025-01-01 08:35:26.259279,Payday,141.37,185.17
96,2025-01-01 08:35:37.352278,Normal,46.11,39.74
97,2025-01-01 08:36:01.764388,Normal,62.6,57.71
98,2025-01-01 08:36:32.156818,Payday,252.38,61.03
99,2025-01-01 08:36:56.726748,Payday,182.57,105.6
100,2025-01-01 08:37:30.786207,Payday,175.47,68.03
101,2025-01-01 08:37:31.936701,Payday,214.1,204.82
102,2025-01-01 08:38:14.165010,Payday,200.9,46.61
103,2025-01-01 08:38:24.805549,Payday,256.81,71.08
104,2025-01-01 08:38:25.826689,Payday,120.43,123.76
105,2025-01-01 08:38:29.823603,Payday,229.58,104.15
107,2025-01-01 08:40:24.731736,Normal,39.33,31.24
108,2025-01-01 08:40:37.204521,Payday,168.93,138.04
109,2025-01-01 08:40:47.972620,Payday,126.02,103.39
110,2025-01-01 08:41:14.452971,Normal,64.57,55.14
111,2025-01-01 08:41:37.351158,Payday,207.71,149.39
112,2025-01-01 08:41:53.150658,Payday,227.79,155.79
113,2025-01-01 08:42:27.791450,Normal,67.73,127.05
114,2025-01-01 08:42:28.082034,Payday,203.86,94.63
115,2025-01-01 08:43:24.153919,Payday,166.44,134.8
116,2025-01-01 08:44:01.716576,Payday,119.67,73.72
117,2025-01-01 08:44:03.478532,Normal,55.27,65.18
118,2025-01-01 08:44:17.606636,Normal,62.48,32.88
119,2025-01-01 08:44:18.704759,Normal,94.72,12.65
120,2025-01-01 08:44:28.833679,Normal,53.78,51.6
121,2025-01-01 08:44:34.052255,Normal,83.41,52.57
122,2025-01-01 08:44:42.937748,Normal,95.84,86.87
123,2025-01-01 08:45:13.179051,Payday,268.83,120.35
124,2025-01-01 08:45:21.753227,Payday,165.6,90.88
125,2025-01-01 08:46:00.943491,Normal,53.33,16.62
126,2025-01-01 08:46:19.170435,Normal,54.99,43.64
127,2025-01-01 08:46:30.902965,Payday,221.18,154.89
128,2025-01-01 08:46:44.491101,Payday,202.13,105.3
129,2025-01-01 08:46:54.453725,Payday,165.97,162.0
130,2025-01-01 08:47:00.192325,Normal,65.66,83.03
131,2025-01-01 08:47:10.307143,Payday,231.02,113.93
132,2025-01-01 08:47:41.773663,Normal,56.44,87.44
133,2025-01-01 08:47:44.862371,Normal,11.38,29.51
134,2025-01-01 08:47:53.445121,Payday,228.73,162.29
135,2025-01-01 08:48:00.290010,Payday,217.33,111.09
136,2025-01-01 08:48:33.351406,Normal,60.88,96.96
137,2025-01-01 08:48:58.546816,Payday,125.27,69.87
139,2025-01-01 08:50:14.966804,Normal,50.77,92.23
140,2025-01-01 08:50:17.588373,Payday,117.86,189.83
141,2025-01-01 08:50:44.765023,Payday,140.18,193.09
142,2025-01-01 08:52:12.851984,Payday,185.98,108.46
143,2025-01-01 08:52:16.103991,Normal,52.7,54.15
144,2025-01-01 08:52:27.628707,Normal,51.16,66.99
145,2025-01-01 08:52:31.401210,Normal,74.28,79.05
146,2025-01-01 08:52:44.560475,Payday,140.19,112.74
147,2025-01-01 08:53:05.267387,Payday,175.74,101.85
148,2025-01-01 08:53:34.383685,Normal,72.19,62.59
149,2025-01-01 08:53:44.323701,Normal,68.28,35.8
150,2025-01-01 08:55:29.010070,Payday,220.07,100.1
151,2025-01-01 08:55:29.017247,Payday,137.45,88.41
152,2025-01-01 08:55:32.209349,Payday,109.16,138.86
153,2025-01-01 08:56:07.711431,Normal,56.73,71.98
154,2025-01-01 08:56:14.535154,Payday,144.35,132.79
155,2025-01-01 08:56:16.385569,Payday,171.88,128.81
156,2025-01-01 08:56:39.470659,Payday,180.32,106.98
157,2025-01-01 08:57:12.808782,Payday,181.39,41.26
158,2025-01-01 08:57:43.470128,Payday,164.69,115.05
159,2025-01-01 08:57:47.664919,Payday,164.0,130.77
160,2025-01-01 08:59:08.582480,Payday,229.51,135.19
161,2025-01-01 08:59:28.637537,Payday,140.59,176.2
162,2025-01-01 08:59:41.395796,Normal,88.68,71.3
163,2025-01-01 09:00:22.673569,Payday,165.38,113.95
164,2025-01-01 09:00:32.735944,Normal,71.56,63.34
165,2025-01-01 09:00:33.967112,Payday,155.83,64.66
167,2025-01-01 09:01:52.526798,Payday,191.9,115.93
168,2025-01-01 09:02:34.705377,Normal,63.67,39.86
169,2025-01-01 09:04:07.931929,Normal,64.84,33.46
170,2025-01-01 09:04:12.508870,Payday,150.32,171.67
171,2025-01-01 09:04:34.062620,Payday,153.82,82.77
172,2025-01-01 09:04:49.049860,Normal,67.39,51.78
173,2025-01-01 09:04:50.631555,Payday,120.04,116.33
174,2025-01-01 09:05:03.143757,Normal,70.35,41.98
175,2025-01-01 09:05:31.665550,Payday,144.63,16.46
176,2025-01-01 09:06:05.308433,Payday,218.41,138.5
177,2025-01-01 09:07:10.376349,Payday,105.58,154.57
178,2025-01-01 09:07:39.441078,Normal,61.47,34.54
179,2025-01-01 09:07:50.915507,Payday,163.51,156.54
180,2025-01-01 09:08:15.365864,Payday,183.88,114.23
181,2025-01-01 09:08:52.721293,Payday,205.21,44.93
182,2025-01-01 09:09:23.948334,Normal,94.14,58.12
184,2025-01-01 09:10:01.859777,Payday,155.67,134.52
185,2025-01-01 09:10:39.472808,Payday,202.72,78.01
186,2025-01-01 09:10:55.018138,Normal,47.4,38.01
187,2025-01-01 09:11:00.217037,Payday,189.72,36.72
188,2025-01-01 09:11:02.858154,Payday,159.12,140.28
190,2025-01-01 09:11:16.137565,Normal,65.13,87.52
191,2025-01-01 09:12:53.543704,Normal,58.9,44.36
192,2025-01-01 09:12:59.732220,Payday,243.94,152.09
193,2025-01-01 09:13:27.558991,Payday,115.36,131.99
194,2025-01-01 09:13:43.453136,Normal,34.3,77.08
195,2025-01-01 09:15:00.619689,Payday,210.0,131.17
196,2025-01-01 09:15:49.277669,Normal,63.89,56.05
197,2025-01-01 09:16:43.335538,Payday,183.19,85.63
198,2025-01-01 09:17:24.655798,Payday,220.71,150.81
199,2025-01-01 09:17:56.465092,Payday,203.82,96.4
201,2025-01-01 09:19:01.620565,Payday,228.49,100.27
202,2025-01-01 09:19:08.461762,Payday,171.99,129.27
204,2025-01-01 09:20:08.583264,Payday,170.29,44.4
205,2025-01-01 09:20:10.790627,Payday,133.67,52.74
206,2025-01-01 09:20:28.427290,Payday,168.73,123.94
208,2025-01-01 09:22:04.775899,Payday,149.37,118.62
209,2025-01-01 09:22:21.886855,Payday,225.85,116.08
210,2025-01-01 09:22:23.040561,Normal,90.91,85.11
213,2025-01-01 09:23:33.950091,Payday,252.54,106.28
214,2025-01-01 09:24:03.229432,Normal,53.5,43.15
215,2025-01-01 09:24:23.357703,Payday,141.11,159.29
216,2025-01-01 09:24:33.369269,Payday,127.65,197.38
217,2025-01-01 09:24:33.699039,Payday,195.83,130.54
218,2025-01-01 09:24:40.504403,Payday,111.68,225.51
219,2025-01-01 09:25:25.048600,Payday,189.75,76.39
220,2025-01-01 09:26:16.189627,Normal,34.45,48.89
221,2025-01-01 09:26:34.627236,Normal,59.91,58.06
222,2025-01-01 09:26:46.585717,Normal,40.43,63.39
223,2025-01-01 09:26:49.667999,Payday,184.42,94.95
224,2025-01-01 09:27:10.516942,Payday,181.82,142.33
225,2025-01-01 09:27:10.688522,Payday,166.43,54.3
226,2025-01-01 09:27:34.715428,Normal,53.3,40.49
227,2025-01-01 09:27:35.967244,Normal,52.05,34.14
228,2025-01-01 09:27:56.604204,Normal,67.72,74.09
229,2025-01-01 09:27:59.163067,Normal,58.32,45.58
230,2025-01-01 09:28:48.391123,Normal,48.95,61.59
232,2025-01-01 09:28:58.433712,Payday,117.48,72.82
233,2025-01-01 09:29:24.328149,Normal,50.6,10.0
234,2025-01-01 09:29:44.104067,Payday,149.62,91.15
235,2025-01-01 09:29:52.530393,Payday,186.57,207.85
236,2025-01-01 09:29:59.607040,Payday,182.88,138.86
237,2025-01-01 09:30:05.615017,Normal,68.65,56.23
238,2025-01-01 09:30:23.498194,Payday,188.38,76.33
239,2025-01-01 09:30:27.118390,Normal,45.42,51.59
241,2025-01-01 09:31:05.984669,Normal,50.3,28.37
242,2025-01-01 09:31:09.811562,Normal,63.27,68.21
243,2025-01-01 09:31:46.638513,Normal,95.61,70.29
244,2025-01-01 09:32:27.685013,Normal,44.44,46.19
245,2025-01-01 09:32:50.551583,Payday,99.13,115.95
246,2025-01-01 09:32:53.113733,Payday,127.16,35.05
247,2025-01-01 09:33:30.669723,Payday,164.71,92.78
248,2025-01-01 09:33:33.943272,Payday,163.06,65.38
249,2025-01-01 09:33:48.553297,Payday,156.59,70.39
250,2025-01-01 09:33:55.348464,Payday,134.51,84.29
251,2025-01-01 09:34:30.672899,Payday,186.18,106.54
252,2025-01-01 09:34:30.791413,Payday,111.15,83.35
253,2025-01-01 09:35:20.589262,Payday,207.25,73.85
254,2025-01-01 09:36:01.290690,Payday,101.36,116.69
255,2025-01-01 09:36:03.697938,Payday,98.55,121.9
256,2025-01-01 09:36:38.811318,Payday,196.17,148.63
257,2025-01-01 09:36:40.158783,Payday,205.98,143.27
258,2025-01-01 09:37:03.089694,Normal,63.56,55.47
259,2025-01-01 09:37:12.037947,Normal,67.51,30.45
260,2025-01-01 09:37:59.783709,Payday,215.55,134.45
261,2025-01-01 09:38:20.919813,Payday,153.33,127.92
262,2025-01-01 09:38:22.350582,Payday,163.75,95.33
263,2025-01-01 09:38:28.185311,Payday,185.83,143.41
264,2025-01-01 09:38:53.136385,Normal,64.2,10.0
265,2025-01-01 09:39:11.681663,Normal,42.91,55.35
266,2025-01-01 09:39:31.365305,Normal,50.22,50.95
267,2025-01-01 09:39:56.134343,Payday,211.07,117.75
269,2025-01-01 09:40:30.073234,Payday,140.35,156.82
270,2025-01-01 09:41:06.018821,Payday,226.94,109.1
271,2025-01-01 09:41:31.177431,Payday,192.43,56.85
272,2025-01-01 09:41:34.343022,Payday,171.5,167.16
273,2025-01-01 09:41:56.331719,Payday,129.05,133.4
274,2025-01-01 09:42:19.590055,Payday,133.72,66.67
275,2025-01-01 09:42:43.674340,Payday,145.23,106.28
276,2025-01-01 09:43:20.297252,Normal,67.32,81.6
277,2025-01-01 09:43:59.298401,Payday,161.55,150.26
278,2025-01-01 09:44:11.573134,Payday,187.98,116.76
279,2025-01-01 09:45:24.500686,Payday,178.03,139.56
280,2025-01-01 09:45:26.261900,Normal,55.95,68.95
281,2025-01-01 09:46:03.830297,Payday,172.88,83.49
282,2025-01-01 09:46:17.144380,Normal,29.43,29.84
283,2025-01-01 09:46:35.779212,Normal,75.77,33.13
285,2025-01-01 09:47:11.267248,Normal,73.39,51.91
286,2025-01-01 09:47:14.738735,Payday,136.36,151.77
287,2025-01-01 09:47:33.965652,Payday,188.67,107.87
288,2025-01-01 09:47:40.631228,Normal,37.82,72.88
289,2025-01-01 09:47:45.130532,Normal,67.64,74.95
290,2025-01-01 09:48:08.002948,Normal,62.73,54.96
291,2025-01-01 09:48:09.635610,Payday,107.16,96.09
292,2025-01-01 09:48:26.867962,Payday,185.29,115.41
293,2025-01-01 09:49:02.321699,Payday,237.99,62.96
294,2025-01-01 09:49:36.931141,Normal,54.79,66.58
295,2025-01-01 09:51:16.465541,Normal,53.59,38.95
296,2025-01-01 09:51:54.896834,Normal,73.04,77.11
297,2025-01-01 09:51:55.897743,Payday,132.92,192.82
298,2025-01-01 09:51:58.083756,Payday,166.45,113.11
299,2025-01-01 09:52:43.142381,Normal,33.32,79.92
300,2025-01-01 09:54:10.851373,Normal,88.23,76.91
301,2025-01-01 09:54:27.407608,Normal,62.76,52.0
302,2025-01-01 09:55:16.361531,Payday,170.42,120.35
303,2025-01-01 09:55:49.418360,Payday,153.31,90.68
304,2025-01-01 09:56:04.871412,Payday,195.46,153.51
305,2025-01-01 09:56:12.003757,Payday,122.12,117.63
306,2025-01-01 09:56:44.433463,Payday,124.29,118.62
307,2025-01-01 09:57:21.561531,Payday,152.34,147.5
308,2025-01-01 09:57:23.719179,Payday,208.74,113.69
309,2025-01-01 09:57:39.646796,Payday,206.09,54.75
310,2025-01-01 09:58:06.294059,Normal,57.63,41.46
311,2025-01-01 09:59:00.736459,Payday,238.84,92.02
312,2025-01-01 09:59:14.588185,Payday,153.03,90.24
313,2025-01-01 09:59:18.789828,Payday,129.14,70.11
314,2025-01-01 09:59:18.875233,Payday,218.05,141.08
315,2025-01-01 10:00:50.851330,Normal,37.46,44.79
316,2025-01-01 10:01:08.919800,Normal,56.31,44.55
317,2025-01-01 10:01:43.117479,Normal,87.73,72.53
318,2025-01-01 10:01:43.512907,Normal,44.74,60.33
319,2025-01-01 10:02:11.319996,Payday,98.68,204.49
320,2025-01-01 10:03:20.892855,Normal,55.97,27.87
321,2025-01-01 10:03:34.004835,Payday,148.36,121.36
322,2025-01-01 10:04:04.129036,Normal,59.51,39.13
323,2025-01-01 10:04:29.090359,Normal,80.83,10.0
324,2025-01-01 10:04:31.200752,Payday,158.61,131.8
325,2025-01-01 10:05:02.743562,Payday,132.68,109.89
326,2025-01-01 10:05:25.671194,Payday,205.82,120.78
327,2025-01-01 10:05:34.877602,Payday,223.14,106.89
328,2025-01-01 10:05:43.028124,Payday,136.19,10.0
329,2025-01-01 10:06:13.671077,Payday,177.32,178.19
330,2025-01-01 10:06:18.549485,Payday,169.38,104.0
331,2025-01-01 10:06:19.214245,Normal,38.89,34.44
332,2025-01-01 10:06:50.198943,Normal,54.57,48.61
333,2025-01-01 10:06:55.292451,Normal,74.04,75.43
334,2025-01-01 10:06:56.116547,Normal,49.43,35.43
335,2025-01-01 10:07:01.736176,Payday,199.45,42.03
336,2025-01-01 10:08:02.850967,Payday,124.44,132.0
337,2025-01-01 10:09:02.836077,Normal,84.7,29.86
338,2025-01-01 10:09:10.110495,Normal,34.95,85.29
339,2025-01-01 10:09:23.190271,Payday,164.87,125.81
340,2025-01-01 10:09:33.191430,Payday,147.58,101.41
341,2025-01-01 10:10:35.438024,Normal,40.79,85.1
342,2025-01-01 10:10:59.530045,Normal,33.7,39.1
343,2025-01-01 10:11:00.188151,Payday,273.52,110.56
344,2025-01-01 10:11:35.255010,Payday,227.26,213.75
345,2025-01-01 10:11:35.874609,Payday,152.91,136.62
346,2025-01-01 10:11:57.575050,Payday,160.97,86.96
347,2025-01-01 10:12:01.010876,Payday,125.39,91.58
348,2025-01-01 10:12:28.488062,Normal,51.83,57.98
349,2025-01-01 10:12:45.986280,Payday,126.4,137.29
350,2025-01-01 10:13:22.823083,Payday,137.43,119.61
351,2025-01-01 10:13:48.477422,Payday,164.32,79.29
353,2025-01-01 10:14:35.939300,Normal,62.56,46.32
354,2025-01-01 10:15:11.705339,Payday,184.51,154.26
355,2025-01-01 10:16:29.468522,Payday,162.06,129.54
356,2025-01-01 10:16:37.166678,Payday,223.86,32.35
357,2025-01-01 10:16:40.758025,Normal,40.67,52.02
358,2025-01-01 10:18:53.459959,Payday,153.77,110.57
359,2025-01-01 10:19:52.164320,Payday,187.7,215.68
360,2025-01-01 10:19:56.241241,Normal,54.78,53.97
361,2025-01-01 10:20:04.211827,Payday,175.41,142.67
362,2025-01-01 10:20:23.967308,Normal,50.83,21.87
363,2025-01-01 10:20:34.186873,Normal,80.12,32.32
364,2025-01-01 10:20:44.764020,Normal,45.76,102.65
365,2025-01-01 10:21:24.713866,Normal,51.37,52.44
366,2025-01-01 10:21:42.056695,Payday,231.52,120.58
367,2025-01-01 10:21:45.291044,Normal,34.66,69.74
368,2025-01-01 10:23:04.481823,Normal,36.63,41.99
369,2025-01-01 10:23:05.591774,Payday,189.3,156.06
370,2025-01-01 10:23:24.430431,Payday,145.05,158.51
371,2025-01-01 10:23:51.061289,Payday,179.41,47.94
372,2025-01-01 10:23:55.776534,Normal,69.49,69.45
373,2025-01-01 10:24:53.857806,Normal,68.4,71.62
374,2025-01-01 10:25:03.435965,Payday,179.18,131.57
375,2025-01-01 10:25:29.214421,Normal,53.19,62.66
376,2025-01-01 10:25:31.452328,Payday,140.26,125.44
377,2025-01-01 10:25:33.325453,Payday,218.25,212.99
378,2025-01-01 10:25:56.391602,Normal,43.78,71.06
379,2025-01-01 10:26:53.023557,Payday,198.08,71.63
380,2025-01-01 10:26:59.268301,Payday,175.4,106.16
381,2025-01-01 10:27:06.711121,Payday,149.33,122.72
382,2025-01-01 10:27:13.859062,Normal,76.94,48.39
383,2025-01-01 10:28:09.701880,Normal,74.07,39.68
384,2025-01-01 10:28:10.833174,Normal,38.92,60.02
385,2025-01-01 10:28:27.147287,Normal,56.08,52.7
386,2025-01-01 10:28:27.460333,Payday,273.57,106.64
387,2025-01-01 10:28:50.024987,Normal,73.02,55.66
388,2025-01-01 10:30:09.638264,Payday,195.71,138.14
389,2025-01-01 10:30:18.161272,Payday,203.31,101.97
390,2025-01-01 10:30:33.747832,Payday,152.31,93.64
391,2025-01-01 10:30:42.667437,Normal,78.35,36.33
392,2025-01-01 10:30:58.088907,Normal,94.48,42.74
393,2025-01-01 10:31:14.734373,Payday,216.32,124.94
394,2025-01-01 10:31:46.009991,Payday,211.92,72.93
395,2025-01-01 10:32:00.156329,Normal,34.77,14.83
396,2025-01-01 10:32:12.310267,Payday,271.03,85.91
397,2025-01-01 10:32:14.816716,Payday,178.43,49.81
398,2025-01-01 10:32:15.897337,Payday,185.49,236.73
399,2025-01-01 10:32:17.769276,Payday,102.77,93.03
400,2025-01-01 10:32:46.888569,Payday,134.05,130.24
401,2025-01-01 10:32:53.428443,Normal,44.91,28.98
402,2025-01-01 10:33:28.420083,Payday,148.5,64.23
403,2025-01-01 10:33:52.395662,Payday,202.24,96.35
404,2025-01-01 10:33:59.656393,Payday,144.39,59.1
405,2025-01-01 10:34:41.693276,Payday,184.29,76.86
406,2025-01-01 10:34:45.810127,Normal,74.76,45.72
407,2025-01-01 10:35:32.119080,Payday,191.64,99.72
408,2025-01-01 10:35:34.791850,Payday,181.23,26.82
409,2025-01-01 10:35:58.268866,Payday,232.83,126.78
410,2025-01-01 10:36:12.676975,Normal,94.65,36.72
411,2025-01-01 10:36:18.159847,Normal,62.5,59.85
412,2025-01-01 10:36:34.917759,Payday,175.92,86.3
413,2025-01-01 10:36:46.234513,Normal,36.45,51.48
414,2025-01-01 10:36:52.061287,Normal,50.65,38.89
415,2025-01-01 10:37:18.879052,Payday,156.01,57.65
416,2025-01-01 10:37:37.428509,Normal,52.56,46.64
417,2025-01-01 10:38:09.849162,Payday,141.37,98.46
418,2025-01-01 10:38:57.842967,Payday,231.63,223.52
419,2025-01-01 10:39:15.070459,Payday,121.18,69.49
420,2025-01-01 10:39:21.741036,Normal,81.31,38.59
421,2025-01-01 10:39:56.999149,Payday,224.83,99.03
423,2025-01-01 10:40:32.053854,Normal,47.4,53.29
424,2025-01-01 10:40:40.345148,Payday,210.58,80.78
425,2025-01-01 10:41:02.298020,Payday,119.98,106.13
426,2025-01-01 10:41:06.428142,Payday,169.1,169.35
427,2025-01-01 10:42:00.890833,Payday,223.37,128.41
428,2025-01-01 10:42:18.465503,Payday,158.45,109.8
429,2025-01-01 10:42:40.912341,Normal,68.15,71.67
430,2025-01-01 10:43:18.914147,Normal,73.26,30.99
431,2025-01-01 10:43:39.462121,Normal,52.24,54.48
432,2025-01-01 10:43:52.780516,Payday,186.7,166.49
433,2025-01-01 10:44:13.757210,Payday,146.84,55.81
434,2025-01-01 10:45:03.542722,Normal,52.66,70.88
435,2025-01-01 10:45:13.244101,Payday,205.71,152.17
436,2025-01-01 10:46:27.836524,Payday,204.35,97.71
437,2025-01-01 10:46:36.703306,Payday,213.69,120.93
438,2025-01-01 10:46:40.807682,Normal,68.86,72.17
439,2025-01-01 10:47:32.145188,Payday,182.49,87.5
440,2025-01-01 10:48:13.670920,Payday,149.43,155.05
441,2025-01-01 10:48:38.680338,Payday,157.19,72.84
442,2025-01-01 10:49:01.178552,Normal,50.26,59.61
443,2025-01-01 10:49:35.671280,Payday,210.23,111.12
444,2025-01-01 10:49:47.136270,Payday,207.22,114.48
445,2025-01-01 10:49:47.732406,Payday,192.8,63.72
446,2025-01-01 10:50:05.004941,Normal,57.49,52.93
447,2025-01-01 10:50:17.249351,Normal,49.66,59.9
448,2025-01-01 10:51:08.356374,Normal,60.43,75.57
449,2025-01-01 10:51:23.498013,Payday,75.23,68.38
450,2025-01-01 10:53:07.743468,Normal,39.6,64.93
451,2025-01-01 10:53:12.902435,Payday,174.86,93.93
452,2025-01-01 10:53:37.897594,Normal,82.43,54.27
453,2025-01-01 10:53:41.292004,Normal,63.74,81.55
454,2025-01-01 10:54:20.615322,Payday,137.95,18.73
455,2025-01-01 10:54:22.670073,Payday,148.53,88.62
456,2025-01-01 10:54:53.751458,Payday,204.56,29.82
457,2025-01-01 10:55:20.190643,Normal,78.13,21.17
458,2025-01-01 10:56:33.751083,Payday,247.93,27.42
459,2025-01-01 10:56:46.825418,Payday,160.32,173.12
460,2025-01-01 10:56:51.592044,Normal,54.56,53.49
461,2025-01-01 10:56:59.535119,Payday,177.46,61.96
463,2025-01-01 10:57:24.804789,Payday,210.83,121.95
464,2025-01-01 10:57:32.739848,Payday,138.18,118.95
465,2025-01-01 10:57:52.213546,Payday,195.93,109.91
466,2025-01-01 10:58:54.623890,Payday,153.27,127.74
467,2025-01-01 10:59:20.110818,Payday,164.72,180.23
468,2025-01-01 10:59:28.054891,Payday,227.45,181.61
469,2025-01-01 10:59:32.504997,Payday,188.98,140.07
470,2025-01-01 10:59:55.799613,Payday,122.26,147.48
472,2025-01-01 11:00:55.323699,Normal,69.73,69.75
473,2025-01-01 11:00:58.458332,Payday,259.75,101.78
474,2025-01-01 11:01:34.691007,Normal,56.66,27.06
475,2025-01-01 11:02:19.542879,Payday,167.22,141.71
476,2025-01-01 11:03:06.087615,Payday,112.73,108.18
478,2025-01-01 11:04:00.123042,Payday,127.24,120.8
479,2025-01-01 11:05:14.301232,Normal,66.9,62.15
480,2025-01-01 11:05:18.554721,Payday,191.42,125.6
481,2025-01-01 11:05:43.823895,Normal,62.95,64.18
482,2025-01-01 11:06:14.809782,Payday,173.51,118.99
483,2025-01-01 11:06:21.819009,Payday,182.33,95.85
484,2025-01-01 11:06:31.592071,Normal,44.54,49.0
485,2025-01-01 11:06:42.318374,Normal,48.89,49.71
486,2025-01-01 11:07:08.484537,Normal,72.61,36.95
487,2025-01-01 11:07:21.888345,Normal,53.22,10.0
488,2025-01-01 11:07:48.531299,Payday,154.9,122.92
489,2025-01-01 11:08:48.388233,Normal,45.5,49.05
490,2025-01-01 11:08:56.702172,Normal,96.03,49.55
491,2025-01-01 11:09:33.068871,Normal,56.69,50.54
492,2025-01-01 11:09:44.925166,Normal,46.86,50.75
493,2025-01-01 11:09:57.836742,Payday,172.17,78.31
494,2025-01-01 11:09:57.877603,Normal,44.98,44.38
495,2025-01-01 11:10:01.690864,Payday,218.66,92.95
496,2025-01-01 11:10:02.071397,Payday,181.18,140.67
497,2025-01-01 11:10:29.725567,Normal,80.99,68.49
498,2025-01-01 11:10:30.688439,Normal,87.18,57.16
499,2025-01-01 11:11:07.930265,Payday,117.68,233.34
500,2025-01-01 11:11:22.493147,Payday,207.9,86.56
501,2025-01-01 11:11:32.119545,Normal,73.43,62.7
502,2025-01-01 11:11:44.560028,Normal,61.72,69.0
503,2025-01-01 11:12:17.312253,Payday,292.64,24.37
504,2025-01-01 11:12:38.499442,Payday,195.15,147.82
505,2025-01-01 11:12:57.978891,Normal,54.46,54.09
506,2025-01-01 11:12:59.846392,Normal,50.23,40.32
507,2025-01-01 11:14:17.851498,Payday,156.12,53.02
508,2025-01-01 11:14:58.634445,Payday,208.84,98.19
509,2025-01-01 11:15:11.632738,Payday,143.73,182.89
510,2025-01-01 11:15:18.082363,Payday,91.06,99.28
511,2025-01-01 11:15:19.354958,Payday,223.29,69.66
512,2025-01-01 11:15:38.184423,Payday,153.86,104.54
513,2025-01-01 11:16:24.712718,Payday,206.89,59.98
514,2025-01-01 11:17:22.300410,Payday,124.38,62.11
515,2025-01-01 11:17:40.003140,Payday,181.5,163.67
516,2025-01-01 11:18:08.428854,Normal,56.14,16.63
517,2025-01-01 11:18:25.848177,Payday,170.6,84.26
518,2025-01-01 11:18:31.756108,Payday,205.84,76.04
519,2025-01-01 11:19:16.259467,Payday,109.9,85.57
520,2025-01-01 11:20:15.087603,Payday,246.94,137.67
521,2025-01-01 11:20:30.926851,Payday,168.32,103.85
522,2025-01-01 11:21:06.116856,Payday,208.12,98.89
523,2025-01-01 11:21:37.688676,Normal,36.57,90.03
524,2025-01-01 11:21:40.903777,Payday,181.4,64.98
525,2025-01-01 11:22:03.008244,Payday,193.52,96.31
526,2025-01-01 11:22:16.446323,Normal,76.18,49.23
527,2025-01-01 11:22:20.711831,Payday,197.88,94.46
528,2025-01-01 11:23:11.565006,Payday,199.94,150.15
529,2025-01-01 11:23:25.735177,Normal,35.51,38.54
530,2025-01-01 11:23:52.655591,Normal,82.15,77.6
531,2025-01-01 11:24:07.234922,Payday,153.42,78.92
532,2025-01-01 11:24:29.346879,Payday,177.65,137.86
533,2025-01-01 11:24:53.029139,Payday,132.9,129.05
534,2025-01-01 11:25:07.107465,Payday,267.14,127.77
535,2025-01-01 11:25:33.560712,Payday,216.2,114.62
536,2025-01-01 11:26:06.671380,Payday,101.38,96.52
537,2025-01-01 11:26:13.592799,Payday,151.05,99.51
538,2025-01-01 11:26:34.148910,Payday,212.81,152.69
539,2025-01-01 11:27:01.604032,Payday,184.38,103.34
540,2025-01-01 11:27:19.658358,Payday,90.37,120.23
541,2025-01-01 11:27:58.018698,Payday,182.98,161.03
542,2025-01-01 11:28:08.841147,Normal,26.48,54.7
543,2025-01-01 11:28:58.341572,Payday,143.68,118.43
544,2025-01-01 11:29:37.474834,Payday,137.12,172.09
545,2025-01-01 11:29:59.203666,Payday,228.85,125.36
546,2025-01-01 11:29:59.611641,Payday,128.13,93.71
547,2025-01-01 11:30:18.223117,Payday,173.49,85.15
548,2025-01-01 11:30:20.420528,Normal,72.11,25.08
549,2025-01-01 11:31:50.076502,Payday,201.37,90.93
550,2025-01-01 11:31:54.401949,Payday,141.84,138.13
551,2025-01-01 11:32:08.383501,Payday,171.72,78.76
552,2025-01-01 11:32:31.858252,Normal,56.11,74.67
553,2025-01-01 11:32:37.407200,Payday,175.42,125.91
554,2025-01-01 11:32:40.437329,Normal,82.51,67.0
555,2025-01-01 11:32:48.825426,Payday,171.87,89.11
556,2025-01-01 11:33:26.784664,Payday,223.6,97.15
557,2025-01-01 11:33:31.640043,Normal,55.45,57.59
558,2025-01-01 11:33:54.471522,Payday,179.34,147.33
559,2025-01-01 11:36:05.130972,Payday,196.67,166.68
560,2025-01-01 11:36:41.548969,Normal,46.93,58.07
561,2025-01-01 11:36:42.461928,Normal,76.62,29.2
562,2025-01-01 11:37:42.212651,Normal,59.54,90.07
563,2025-01-01 11:38:11.070697,Normal,63.02,71.01
565,2025-01-01 11:38:43.636273,Payday,169.38,174.8
566,2025-01-01 11:38:45.854373,Normal,69.58,27.14
567,2025-01-01 11:39:33.048689,Normal,59.04,56.58
568,2025-01-01 11:41:08.698548,Payday,236.66,150.93
569,2025-01-01 11:41:40.942129,Payday,186.04,94.39
570,2025-01-01 11:41:41.648086,Payday,182.93,158.75
571,2025-01-01 11:43:16.038188,Normal,46.72,81.05
572,2025-01-01 11:43:41.636878,Normal,62.55,36.0
573,2025-01-01 11:43:59.832383,Payday,156.23,95.35
574,2025-01-01 11:44:14.734723,Normal,49.68,95.05
575,2025-01-01 11:44:29.065433,Normal,60.89,72.52
576,2025-01-01 11:44:48.636065,Normal,39.16,17.09
577,2025-01-01 11:44:55.555844,Payday,145.18,92.81
578,2025-01-01 11:46:20.699809,Payday,122.96,101.09
579,2025-01-01 11:47:07.185683,Payday,168.8,100.36
580,2025-01-01 11:47:31.487552,Normal,56.21,57.84
581,2025-01-01 11:48:18.427295,Payday,174.25,113.4
583,2025-01-01 11:49:09.979104,Normal,46.94,30.31
584,2025-01-01 11:49:11.078761,Payday,263.62,152.89
586,2025-01-01 11:49:32.182238,Normal,82.72,65.46
587,2025-01-01 11:49:41.731590,Normal,45.26,45.51
588,2025-01-01 11:50:10.070732,Normal,50.98,56.4
589,2025-01-01 11:50:35.202898,Normal,80.96,48.5
590,2025-01-01 11:51:28.074825,Payday,169.74,66.52
591,2025-01-01 11:51:38.621516,Payday,159.39,114.94
592,2025-01-01 11:51:58.005268,Payday,129.32,137.55
593,2025-01-01 11:52:20.718641,Payday,106.66,130.42
594,2025-01-01 11:52:36.611329,Payday,209.51,91.76
595,2025-01-01 11:52:47.866761,Payday,176.71,132.26
596,2025-01-01 11:53:01.594871,Payday,173.91,94.37
597,2025-01-01 11:53:34.577647,Normal,49.47,36.74
598,2025-01-01 11:53:53.226930,Payday,189.11,54.04
599,2025-01-01 11:54:02.901459,Normal,77.24,43.98
600,2025-01-01 11:54:28.998545,Payday,123.32,53.27
601,2025-01-01 11:54:47.348893,Payday,154.85,15.27
602,2025-01-01 11:55:34.696840,Payday,162.41,96.18
604,2025-01-01 11:56:32.506738,Payday,114.61,78.38
605,2025-01-01 11:56:43.351090,Normal,93.34,25.24
606,2025-01-01 11:56:48.869287,Normal,69.51,58.28
607,2025-01-01 11:56:49.684693,Payday,164.77,69.22
608,2025-01-01 11:57:19.933860,Normal,51.64,22.6
609,2025-01-01 11:57:43.917920,Payday,207.73,38.89
610,2025-01-01 11:57:47.011141,Normal,64.72,49.96
611,2025-01-01 11:57:51.411889,Normal,47.94,82.78
612,2025-01-01 11:57:58.201647,Payday,170.88,63.72
613,2025-01-01 11:58:08.180849,Normal,74.65,72.08
614,2025-01-01 11:58:52.338969,Payday,177.34,105.68
615,2025-01-01 11:59:07.922381,Payday,222.62,109.68
616,2025-01-01 11:59:30.335268,Payday,131.07,176.99
617,2025-01-01 11:59:41.680654,Payday,138.46,171.7
618,2025-01-01 11:59:51.875644,Payday,182.73,188.02
619,2025-01-01 12:00:03.368757,Payday,215.82,50.39
620,2025-01-01 12:00:25.919862,Payday,166.43,118.35
621,2025-01-01 12:00:26.849052,Payday,200.05,120.44
622,2025-01-01 12:00:30.362453,Normal,68.53,82.57
623,2025-01-01 12:00:41.028136,Payday,203.16,138.4
624,2025-01-01 12:00:52.566561,Payday,171.1,122.72
625,2025-01-01 12:00:53.130228,Normal,60.51,34.6
626,2025-01-01 12:01:13.726743,Payday,152.57,152.81
627,2025-01-01 12:01:28.526603,Payday,158.84,100.32
628,2025-01-01 12:02:08.905053,Payday,135.93,119.4
629,2025-01-01 12:02:14.580418,Normal,85.09,58.38
630,2025-01-01 12:02:33.356606,Normal,61.45,36.38
631,2025-01-01 12:03:15.169339,Payday,172.27,178.86
632,2025-01-01 12:04:07.574415,Payday,188.74,171.55
633,2025-01-01 12:04:47.998390,Payday,124.74,128.84
634,2025-01-01 12:04:52.578000,Payday,190.15,48.28
635,2025-01-01 12:05:03.657814,Payday,167.65,181.8
636,2025-01-01 12:05:05.678237,Normal,51.99,21.86
637,2025-01-01 12:05:22.377854,Payday,144.8,130.77
638,2025-01-01 12:05:32.718206,Normal,48.76,54.51
639,2025-01-01 12:05:40.747391,Payday,106.39,173.13
640,2025-01-01 12:06:02.651159,Payday,162.1,146.08
641,2025-01-01 12:06:14.946249,Normal,62.0,46.95
642,2025-01-01 12:07:14.042929,Normal,32.46,60.16
643,2025-01-01 12:07:29.217152,Normal,92.34,27.37
644,2025-01-01 12:07:50.961279,Payday,194.94,178.22
645,2025-01-01 12:08:38.820462,Payday,140.87,191.94
646,2025-01-01 12:09:18.109476,Payday,193.87,92.6
648,2025-01-01 12:11:44.555638,Payday,151.2,83.04
649,2025-01-01 12:12:51.243106,Payday,217.44,151.08
650,2025-01-01 12:12:52.394405,Payday,117.05,123.25
651,2025-01-01 12:13:54.360005,Payday,207.39,162.8
652,2025-01-01 12:13:58.847245,Normal,76.29,59.49
653,2025-01-01 12:14:06.459463,Payday,237.37,131.39
654,2025-01-01 12:14:15.812695,Payday,146.78,103.92
655,2025-01-01 12:14:42.037049,Payday,221.94,116.76
656,2025-01-01 12:14:46.533114,Normal,60.16,23.76
657,2025-01-01 12:14:52.615436,Payday,221.36,143.68
658,2025-01-01 12:15:01.791108,Normal,54.42,30.15
659,2025-01-01 12:15:03.909329,Normal,60.85,60.59
660,2025-01-01 12:15:32.478599,Payday,161.2,127.8
661,2025-01-01 12:16:45.175079,Payday,117.28,60.3
662,2025-01-01 12:16:49.232125,Payday,206.39,103.09
663,2025-01-01 12:16:50.101192,Payday,141.82,140.73
664,2025-01-01 12:16:55.169584,Payday,176.32,112.99
665,2025-01-01 12:17:06.359873,Normal,45.91,47.12
666,2025-01-01 12:17:37.078349,Normal,68.1,24.35
667,2025-01-01 12:18:08.590255,Normal,56.8,79.81
668,2025-01-01 12:18:14.270224,Normal,50.8,43.95
669,2025-01-01 12:18:28.552079,Payday,191.89,186.69
670,2025-01-01 12:18:49.615608,Normal,60.24,35.43
671,2025-01-01 12:18:50.387144,Payday,246.02,94.83
672,2025-01-01 12:19:14.086585,Payday,173.33,72.44
673,2025-01-01 12:19:32.646158,Payday,171.39,159.72
674,2025-01-01 12:20:01.925053,Payday,119.03,148.57
676,2025-01-01 12:21:49.639886,Payday,161.23,103.84
677,2025-01-01 12:22:22.384160,Normal,78.12,43.67
678,2025-01-01 12:22:28.868457,Payday,179.71,74.94
679,2025-01-01 12:22:33.622171,Payday,191.73,193.04
680,2025-01-01 12:23:02.068469,Normal,51.35,10.0
682,2025-01-01 12:23:07.439711,Normal,45.09,49.38
683,2025-01-01 12:23:31.259215,Normal,77.95,46.83
684,2025-01-01 12:23:46.133063,Normal,57.41,84.23
685,2025-01-01 12:23:50.151369,Payday,186.06,108.29
686,2025-01-01 12:24:46.391666,Normal,49.96,70.8
687,2025-01-01 12:24:59.097884,Payday,158.94,67.11
688,2025-01-01 12:25:41.636118,Payday,247.67,181.81
689,2025-01-01 12:25:48.147196,Payday,154.67,116.13
690,2025-01-01 12:26:16.488496,Normal,92.36,37.89
691,2025-01-01 12:26:55.206713,Payday,145.62,84.38
692,2025-01-01 12:27:08.430403,Payday,162.77,152.25
693,2025-01-01 12:27:21.335789,Payday,136.46,222.42
694,2025-01-01 12:27:22.229742,Normal,61.33,84.44
695,2025-01-01 12:27:29.553639,Payday,163.62,129.23
696,2025-01-01 12:27:42.791615,Payday,197.29,91.31
697,2025-01-01 12:27:58.651820,Normal,47.96,75.98
698,2025-01-01 12:28:09.203959,Normal,78.01,36.86
699,2025-01-01 12:29:19.874560,Payday,169.99,107.29
700,2025-01-01 12:29:26.043569,Payday,162.84,158.59
701,2025-01-01 12:29:38.800931,Payday,207.11,185.85
702,2025-01-01 12:29:59.776665,Normal,50.35,68.56
703,2025-01-01 12:30:56.981195,Payday,199.96,106.31
704,2025-01-01 12:31:57.092883,Normal,81.83,85.99
705,2025-01-01 12:32:42.563651,Normal,68.35,45.79
706,2025-01-01 12:33:07.558239,Normal,68.69,52.95
707,2025-01-01 12:33:12.619328,Payday,168.92,93.13
708,2025-01-01 12:33:15.818701,Normal,56.68,44.46
709,2025-01-01 12:34:06.145447,Payday,173.58,141.09
710,2025-01-01 12:34:46.589189,Payday,238.36,173.62
711,2025-01-01 12:35:17.207699,Payday,178.6,85.84
712,2025-01-01 12:35:25.868251,Payday,171.44,170.1
713,2025-01-01 12:35:36.019721,Payday,157.73,121.31
714,2025-01-01 12:35:47.480564,Payday,166.72,132.72
715,2025-01-01 12:35:54.185776,Normal,78.21,47.2
716,2025-01-01 12:36:02.984787,Payday,200.04,80.71
717,2025-01-01 12:36:33.298540,Normal,69.94,73.47
718,2025-01-01 12:38:02.282127,Normal,66.0,36.97
719,2025-01-01 12:38:27.341274,Payday,222.0,132.99
720,2025-01-01 12:38:53.359221,Normal,60.46,20.16
721,2025-01-01 12:39:21.387613,Payday,142.63,179.24
722,2025-01-01 12:39:48.468773,Normal,64.63,84.04
723,2025-01-01 12:39:59.169323,Payday,156.13,75.69
724,2025-01-01 12:40:06.937499,Payday,185.52,44.55
725,2025-01-01 12:40:09.106707,Payday,250.77,127.98
726,2025-01-01 12:40:15.242168,Normal,31.51,51.57
727,2025-01-01 12:40:40.215962,Normal,71.3,57.62
728,2025-01-01 12:41:10.558027,Normal,50.66,59.56
729,2025-01-01 12:41:29.130262,Normal,56.86,32.99
730,2025-01-01 12:41:29.498122,Payday,233.69,42.64
731,2025-01-01 12:42:17.424047,Normal,63.91,21.99
732,2025-01-01 12:42:28.705860,Payday,158.88,174.12
733,2025-01-01 12:42:52.164497,Payday,88.24,132.11
734,2025-01-01 12:42:57.047257,Normal,42.06,58.89
735,2025-01-01 12:43:10.220299,Normal,64.17,79.1
736,2025-01-01 12:43:10.377599,Normal,48.23,62.97
737,2025-01-01 12:43:36.162671,Payday,168.5,78.78
738,2025-01-01 12:44:45.532700,Normal,38.25,27.87
739,2025-01-01 12:45:29.086044,Payday,209.19,82.76
740,2025-01-01 12:46:03.525478,Payday,280.3,189.59
741,2025-01-01 12:46:10.942701,Payday,168.67,39.0
742,2025-01-01 12:46:49.075880,Payday,198.01,115.83
743,2025-01-01 12:46:55.525737,Payday,243.0,150.35
744,2025-01-01 12:47:31.617455,Payday,212.53,86.25
745,2025-01-01 12:47:38.631435,Normal,47.74,10.0
746,2025-01-01 12:47:40.445492,Payday,215.07,90.66
747,2025-01-01 12:47:50.086992,Payday,129.19,166.19
748,2025-01-01 12:47:57.963544,Payday,124.9,188.01
749,2025-01-01 12:48:17.043117,Normal,63.37,68.65
750,2025-01-01 12:48:32.043838,Normal,37.12,75.25
751,2025-01-01 12:48:32.187659,Payday,135.17,119.65
752,2025-01-01 12:49:18.950904,Payday,189.8,149.07
753,2025-01-01 12:49:19.468963,Normal,62.72,33.28
754,2025-01-01 12:49:39.142938,Normal,51.54,53.69
755,2025-01-01 12:50:32.918241,Normal,75.36,61.85
756,2025-01-01 12:50:44.757872,Normal,57.45,40.94
757,2025-01-01 12:51:19.094346,Payday,264.21,71.61
758,2025-01-01 12:51:30.857017,Normal,74.22,63.64
759,2025-01-01 12:51:52.705892,Normal,42.87,46.13
760,2025-01-01 12:52:12.116794,Normal,82.7,62.62
761,2025-01-01 12:52:19.860452,Payday,174.11,93.74
762,2025-01-01 12:52:49.147124,Payday,187.32,86.63
763,2025-01-01 12:53:37.111908,Payday,176.7,150.8
764,2025-01-01 12:54:13.793403,Payday,214.54,119.38
765,2025-01-01 12:54:21.854647,Payday,124.46,110.81
766,2025-01-01 12:54:29.695479,Payday,221.14,90.25
767,2025-01-01 12:55:20.803481,Payday,178.32,116.25
768,2025-01-01 12:55:24.280980,Normal,62.85,61.54
769,2025-01-01 12:55:44.465753,Normal,77.21,43.92
770,2025-01-01 12:55:55.407260,Payday,208.09,178.82
771,2025-01-01 12:56:05.906989,Normal,62.11,14.63
772,2025-01-01 12:56:16.552669,Normal,75.49,46.1
773,2025-01-01 12:56:24.614241,Payday,251.33,210.9
774,2025-01-01 12:56:34.605188,Payday,189.67,132.06
775,2025-01-01 12:57:30.279889,Normal,43.33,48.97
776,2025-01-01 12:57:49.604563,Payday,161.95,79.28
777,2025-01-01 12:57:53.296997,Payday,232.98,81.82
778,2025-01-01 12:58:33.927467,Payday,192.25,110.76
779,2025-01-01 12:58:48.219112,Normal,65.33,45.58
780,2025-01-01 12:58:56.831428,Normal,73.7,33.94
781,2025-01-01 12:59:14.752351,Normal,52.11,49.72
782,2025-01-01 12:59:19.650002,Payday,149.61,146.55
783,2025-01-01 12:59:29.494531,Normal,63.71,51.75
784,2025-01-01 13:00:33.506774,Normal,43.34,61.34
785,2025-01-01 13:01:31.556625,Normal,48.98,33.79
786,2025-01-01 13:02:07.066332,Payday,311.06,141.6
787,2025-01-01 13:02:28.593690,Normal,75.26,103.26
788,2025-01-01 13:02:34.352886,Normal,65.69,86.23
789,2025-01-01 13:02:44.931651,Payday,212.65,77.66
790,2025-01-01 13:02:51.252021,Payday,164.98,147.98
791,2025-01-01 13:02:51.395329,Payday,206.87,51.4
792,2025-01-01 13:02:58.267086,Normal,69.29,91.15
793,2025-01-01 13:03:00.195982,Normal,80.96,51.14
794,2025-01-01 13:03:18.639366,Normal,50.31,34.02
795,2025-01-01 13:03:24.038525,Normal,77.43,34.63
796,2025-01-01 13:03:26.284751,Payday,168.96,51.78
797,2025-01-01 13:03:41.542421,Payday,144.13,10.0
798,2025-01-01 13:03:46.019241,Normal,64.85,44.95
799,2025-01-01 13:03:51.665212,Payday,145.4,99.31
800,2025-01-01 13:04:13.939070,Payday,161.96,131.76
801,2025-01-01 13:04:21.507955,Payday,186.37,92.17
802,2025-01-01 13:05:07.525579,Normal,73.25,48.44
803,2025-01-01 13:05:09.132193,Payday,196.03,136.32
804,2025-01-01 13:05:11.644119,Payday,137.47,160.86
805,2025-01-01 13:05:26.767997,Payday,141.32,167.26
806,2025-01-01 13:05:30.736897,Normal,45.4,49.89
807,2025-01-01 13:05:49.882128,Payday,231.56,75.58
809,2025-01-01 13:06:47.649753,Normal,32.54,54.01
810,2025-01-01 13:06:54.765132,Payday,137.63,99.99
811,2025-01-01 13:07:07.262964,Payday,163.14,10.0
812,2025-01-01 13:07:34.879756,Normal,88.1,71.6
813,2025-01-01 13:07:56.131934,Payday,174.63,65.41
814,2025-01-01 13:08:16.090657,Payday,204.44,126.14
815,2025-01-01 13:08:45.696273,Normal,67.27,33.07
816,2025-01-01 13:09:30.454671,Payday,130.0,134.87
817,2025-01-01 13:09:32.985268,Normal,72.51,41.44
818,2025-01-01 13:10:43.964837,Normal,54.98,41.93
819,2025-01-01 13:10:46.260012,Payday,226.17,58.98
820,2025-01-01 13:10:50.073332,Normal,64.47,65.22
821,2025-01-01 13:10:55.023261,Normal,90.94,28.65
822,2025-01-01 13:10:57.637882,Normal,62.87,54.82
824,2025-01-01 13:11:34.110464,Payday,165.66,71.0
825,2025-01-01 13:11:44.686399,Payday,178.3,25.69
826,2025-01-01 13:13:28.452937,Normal,57.19,69.71
827,2025-01-01 13:13:33.763409,Normal,60.49,44.66
828,2025-01-01 13:13:58.730667,Normal,47.92,61.93
829,2025-01-01 13:14:16.635137,Payday,192.23,90.75
830,2025-01-01 13:14:20.680645,Payday,178.24,106.38
831,2025-01-01 13:14:38.986864,Payday,186.51,179.8
832,2025-01-01 13:14:57.325942,Normal,62.53,76.35
833,2025-01-01 13:17:08.391330,Normal,84.23,43.55
834,2025-01-01 13:17:18.336471,Payday,126.77,129.37
835,2025-01-01 13:17:41.901192,Payday,146.46,90.3
836,2025-01-01 13:18:35.234615,Normal,66.06,49.52
837,2025-01-01 13:18:47.994078,Payday,204.73,178.22
838,2025-01-01 13:19:05.399926,Normal,65.59,34.2
839,2025-01-01 13:19:16.324473,Payday,172.18,141.85
840,2025-01-01 13:19:17.195827,Normal,53.03,54.02
841,2025-01-01 13:19:22.962673,Normal,53.97,60.49
842,2025-01-01 13:20:17.390395,Normal,73.07,23.08
843,2025-01-01 13:20:49.267166,Payday,203.09,70.84
844,2025-01-01 13:21:37.735920,Payday,170.82,125.99
845,2025-01-01 13:22:34.395793,Normal,66.15,45.17
846,2025-01-01 13:23:07.722319,Normal,45.51,53.0
847,2025-01-01 13:24:24.033555,Payday,212.4,91.01
848,2025-01-01 13:24:33.151321,Normal,56.67,58.43
849,2025-01-01 13:25:21.364470,Payday,212.23,165.36
850,2025-01-01 13:25:44.757213,Payday,215.65,111.83
851,2025-01-01 13:25:46.886182,Payday,212.84,83.54
852,2025-01-01 13:26:06.879258,Payday,221.6,79.25
853,2025-01-01 13:26:13.849506,Normal,73.33,39.46
854,2025-01-01 13:26:13.850592,Payday,184.32,224.27
855,2025-01-01 13:26:23.768078,Normal,65.51,86.76
856,2025-01-01 13:26:26.813598,Normal,31.72,44.07
857,2025-01-01 13:26:54.179384,Normal,44.19,28.64
858,2025-01-01 13:27:36.579653,Payday,236.82,87.11
859,2025-01-01 13:28:01.946919,Normal,58.43,46.62
860,2025-01-01 13:28:49.427627,Normal,61.25,40.66
861,2025-01-01 13:28:58.851187,Payday,172.26,149.78
862,2025-01-01 13:29:21.219308,Payday,140.0,207.74
863,2025-01-01 13:30:19.511539,Payday,243.72,178.61
864,2025-01-01 13:30:28.620694,Payday,175.3,85.08
865,2025-01-01 13:31:31.124270,Normal,61.05,73.24
866,2025-01-01 13:31:33.096957,Normal,65.21,73.27
867,2025-01-01 13:32:24.236694,Payday,139.97,85.8
868,2025-01-01 13:32:41.894566,Payday,152.53,99.54
869,2025-01-01 13:33:00.246201,Payday,199.14,62.2
870,2025-01-01 13:33:18.515445,Payday,248.36,140.76
872,2025-01-01 13:33:20.736256,Payday,176.44,92.45
873,2025-01-01 13:33:23.209406,Payday,231.42,117.72
874,2025-01-01 13:34:10.401598,Payday,203.38,109.27
875,2025-01-01 13:34:34.921271,Payday,104.22,145.19
876,2025-01-01 13:34:46.732288,Payday,172.48,126.39
877,2025-01-01 13:34:47.594262,Normal,56.31,33.14
878,2025-01-01 13:35:07.657681,Normal,66.36,52.87
879,2025-01-01 13:35:15.740366,Payday,140.01,99.37
880,2025-01-01 13:36:29.906916,Normal,37.43,65.2
881,2025-01-01 13:36:36.864597,Normal,56.93,50.14
882,2025-01-01 13:37:17.378507,Payday,173.01,174.41
883,2025-01-01 13:37:25.768921,Normal,67.2,104.62
884,2025-01-01 13:37:36.191409,Normal,57.6,63.43
885,2025-01-01 13:37:51.628863,Normal,76.14,50.43
886,2025-01-01 13:37:53.251399,Payday,239.82,108.61
887,2025-01-01 13:38:02.229456,Payday,134.94,85.85
888,2025-01-01 13:38:27.093342,Normal,32.95,18.32
889,2025-01-01 13:39:19.082563,Payday,163.92,77.47
890,2025-01-01 13:39:58.586717,Normal,62.17,37.7
891,2025-01-01 13:40:33.394000,Normal,55.97,32.18
892,2025-01-01 13:40:42.319108,Payday,230.55,79.6
893,2025-01-01 13:40:51.586628,Payday,148.06,128.86
894,2025-01-01 13:41:09.338703,Payday,178.85,173.21
895,2025-01-01 13:41:10.465986,Normal,67.68,46.63
896,2025-01-01 13:41:43.596385,Normal,43.64,78.22
897,2025-01-01 13:42:49.733934,Payday,160.63,122.21
899,2025-01-01 13:43:44.894402,Payday,164.9,173.79
900,2025-01-01 13:44:09.560202,Payday,264.84,159.11
901,2025-01-01 13:44:17.277081,Payday,210.21,112.12
902,2025-01-01 13:44:22.508641,Normal,60.88,35.1
903,2025-01-01 13:44:27.161328,Payday,230.23,10.0
904,2025-01-01 13:44:28.970073,Payday,115.0,123.32
905,2025-01-01 13:44:47.020549,Payday,166.94,199.42
906,2025-01-01 13:44:52.910835,Payday,239.38,67.41
907,2025-01-01 13:45:01.104312,Payday,171.91,112.67
908,2025-01-01 13:45:44.836782,Payday,218.13,151.56
909,2025-01-01 13:45:47.536447,Payday,185.06,56.77
910,2025-01-01 13:47:07.800645,Normal,80.89,45.0
911,2025-01-01 13:48:25.833551,Normal,79.57,16.75
912,2025-01-01 13:49:02.516587,Normal,45.2,79.64
913,2025-01-01 13:50:17.341743,Payday,181.68,225.47
914,2025-01-01 13:50:27.504178,Normal,57.74,35.72
915,2025-01-01 13:50:56.837773,Normal,52.89,49.71
916,2025-01-01 13:51:28.510364,Payday,194.28,117.98
917,2025-01-01 13:51:48.108162,Payday,109.73,69.24
918,2025-01-01 13:52:19.276360,Payday,173.1,82.51
919,2025-01-01 13:52:33.488606,Normal,70.45,43.32
920,2025-01-01 13:53:15.338361,Payday,166.66,155.41
921,2025-01-01 13:53:37.885613,Normal,83.59,55.01
922,2025-01-01 13:54:29.973614,Payday,215.16,82.14
923,2025-01-01 13:54:40.701645,Normal,41.08,32.7
924,2025-01-01 13:54:58.609764,Payday,191.17,112.77
925,2025-01-01 13:55:10.851743,Payday,209.13,80.83
926,2025-01-01 13:56:22.514049,Normal,30.31,64.96
928,2025-01-01 13:56:50.046489,Payday,187.28,78.56
929,2025-01-01 13:57:40.096445,Payday,147.67,110.05
930,2025-01-01 13:57:52.150665,Payday,161.17,164.85
931,2025-01-01 13:58:31.372972,Payday,50.34,131.89
932,2025-01-01 13:59:43.336708,Payday,126.88,118.93
933,2025-01-01 14:00:31.185838,Normal,59.55,38.65
934,2025-01-01 14:00:34.392649,Payday,177.17,123.64
935,2025-01-01 14:00:36.070080,Payday,263.91,143.89
936,2025-01-01 14:01:41.164039,Payday,161.08,91.55
937,2025-01-01 14:02:10.822587,Payday,152.67,149.67
938,2025-01-01 14:02:28.546229,Payday,113.91,158.68
939,2025-01-01 14:02:46.767408,Payday,161.04,156.6
940,2025-01-01 14:03:31.468971,Normal,58.13,26.55
941,2025-01-01 14:03:37.275432,Payday,124.46,84.3
942,2025-01-01 14:03:59.810750,Payday,203.42,137.22
943,2025-01-01 14:04:49.105827,Payday,169.09,200.41
945,2025-01-01 14:05:57.003809,Normal,38.28,33.15
946,2025-01-01 14:06:03.819225,Normal,51.07,77.49
948,2025-01-01 14:07:07.693616,Payday,179.27,94.09
949,2025-01-01 14:08:26.582365,Payday,103.47,144.8
950,2025-01-01 14:08:59.901027,Payday,258.96,135.09
951,2025-01-01 14:09:24.716838,Payday,102.35,59.71
952,2025-01-01 14:09:51.964020,Normal,57.04,46.97
953,2025-01-01 14:10:49.680666,Normal,77.49,45.91
954,2025-01-01 14:11:47.834073,Payday,162.85,152.31
955,2025-01-01 14:11:56.753761,Normal,68.9,10.0
957,2025-01-01 14:12:30.443309,Payday,173.6,110.26
958,2025-01-01 14:12:31.015706,Payday,211.52,138.45
959,2025-01-01 14:12:37.847147,Payday,186.01,148.5
961,2025-01-01 14:12:55.026812,Payday,185.95,113.15
962,2025-01-01 14:13:04.786723,Normal,48.41,58.14
963,2025-01-01 14:13:11.039947,Payday,100.4,133.3
965,2025-01-01 14:13:13.779045,Payday,203.36,171.36
966,2025-01-01 14:13:15.461079,Normal,77.18,39.37
967,2025-01-01 14:13:25.264574,Normal,74.3,60.26
968,2025-01-01 14:13:35.735106,Normal,67.73,64.31
969,2025-01-01 14:13:38.498380,Payday,206.21,130.28
970,2025-01-01 14:14:12.595174,Normal,68.77,58.99
971,2025-01-01 14:14:23.662769,Payday,189.98,22.37
972,2025-01-01 14:14:41.121959,Normal,59.6,32.36
973,2025-01-01 14:14:43.546853,Normal,35.4,17.35
974,2025-01-01 14:14:45.595534,Normal,48.11,43.84
975,2025-01-01 14:14:55.416587,Payday,161.46,77.39
976,2025-01-01 14:14:59.539049,Payday,212.39,129.23
977,2025-01-01 14:15:38.873500,Payday,219.72,138.04
978,2025-01-01 14:16:10.085236,Payday,212.45,153.01
979,2025-01-01 14:16:13.788741,Payday,217.01,126.75
980,2025-01-01 14:16:21.525545,Payday,197.73,127.28
981,2025-01-01 14:16:48.357858,Payday,175.58,148.3
982,2025-01-01 14:17:05.275424,Payday,264.77,67.0
983,2025-01-01 14:17:07.073971,Payday,156.87,131.81
984,2025-01-01 14:18:14.582862,Normal,36.89,47.35
985,2025-01-01 14:18:45.272096,Normal,60.9,55.55
986,2025-01-01 14:18:58.558419,Normal,47.18,56.7
987,2025-01-01 14:19:01.005146,Payday,179.03,140.42
988,2025-01-01 14:19:16.602024,Payday,134.22,101.25
989,2025-01-01 14:19:23.625941,Payday,187.52,85.95
990,2025-01-01 14:19:35.442827,Payday,261.65,139.17
991,2025-01-01 14:19:36.924860,Payday,109.78,138.16
992,2025-01-01 14:20:13.874412,Payday,220.29,120.94
993,2025-01-01 14:20:30.860054,Normal,50.27,53.78
994,2025-01-01 14:21:15.811089,Payday,75.98,177.2
995,2025-01-01 14:21:57.158878,Normal,63.55,77.39
996,2025-01-01 14:22:19.188573,Normal,65.89,39.82
997,2025-01-01 14:22:29.402090,Payday,108.8,162.57
998,2025-01-01 14:22:32.998037,Normal,52.14,53.05
999,2025-01-01 14:23:28.220123,Payday,142.91,171.54
1000,2025-01-01 14:23:48.438900,Payday,160.2,79.36
1001,2025-01-01 14:24:02.383345,Payday,199.2,175.33
1002,2025-01-01 14:25:55.065388,Payday,183.25,167.15
1003,2025-01-01 14:26:24.421818,Normal,72.76,47.25
1004,2025-01-01 14:26:44.085930,Payday,152.02,104.29
1005,2025-01-01 14:27:37.028018,Normal,63.05,44.31
1006,2025-01-01 14:28:36.255068,Payday,89.77,137.24
1007,2025-01-01 14:29:20.484763,Payday,152.02,111.62
1008,2025-01-01 14:29:40.594464,Payday,176.16,112.08
1009,2025-01-01 14:29:42.282648,Normal,17.51,50.34
1010,2025-01-01 14:30:00.640703,Normal,51.74,25.59
1011,2025-01-01 14:30:01.120859,Payday,230.91,56.84
1012,2025-01-01 14:30:03.111915,Payday,164.63,89.51
1013,2025-01-01 14:30:32.298756,Payday,225.85,108.54
1014,2025-01-01 14:30:58.947028,Payday,278.54,115.64
1015,2025-01-01 14:31:30.651942,Normal,55.9,57.3
1016,2025-01-01 14:31:37.968618,Payday,130.8,98.29
1017,2025-01-01 14:31:55.876270,Payday,126.89,108.46
1018,2025-01-01 14:32:04.630656,Normal,36.69,66.36
1019,2025-01-01 14:33:08.049864,Normal,51.84,46.74
1020,2025-01-01 14:33:13.792996,Payday,200.37,95.36
1021,2025-01-01 14:33:31.371053,Payday,225.73,127.39
1022,2025-01-01 14:33:54.011392,Payday,162.27,70.45
1023,2025-01-01 14:34:26.107947,Normal,71.68,10.0
1024,2025-01-01 14:34:45.334385,Payday,208.25,116.65
1025,2025-01-01 14:35:57.224818,Payday,204.86,111.81
1026,2025-01-01 14:36:52.334052,Payday,200.42,128.07
1027,2025-01-01 14:37:33.177533,Payday,185.6,142.96
1028,2025-01-01 14:37:36.703977,Payday,249.77,146.54
1029,2025-01-01 14:38:52.086337,Payday,184.72,36.02
1030,2025-01-01 14:39:01.206701,Payday,196.53,110.67
1031,2025-01-01 14:39:06.718082,Payday,177.27,113.79
1032,2025-01-01 14:40:13.971321,Normal,58.45,17.14
1033,2025-01-01 14:40:55.255037,Normal,49.57,49.18
1034,2025-01-01 14:40:55.862324,Payday,233.84,88.3
1035,2025-01-01 14:41:14.264666,Payday,245.15,127.39
1036,2025-01-01 14:41:26.772290,Payday,211.04,140.58
1037,2025-01-01 14:42:04.451085,Payday,131.84,129.01
1038,2025-01-01 14:43:36.880356,Payday,177.14,61.32
1039,2025-01-01 14:43:37.959107,Payday,199.49,150.69
1040,2025-01-01 14:45:05.313305,Normal,42.45,66.97
1041,2025-01-01 14:45:18.015711,Normal,56.49,59.33
1042,2025-01-01 14:45:37.061395,Normal,64.95,62.4
1043,2025-01-01 14:45:38.988055,Normal,47.47,91.79
1044,2025-01-01 14:45:43.313689,Normal,60.57,61.69
1045,2025-01-01 14:45:54.000687,Normal,72.62,37.65
1046,2025-01-01 14:46:13.814440,Normal,56.99,25.36
1047,2025-01-01 14:46:17.555227,Payday,166.25,124.86
1048,2025-01-01 14:46:20.855195,Normal,53.56,61.77
1049,2025-01-01 14:46:39.293419,Payday,163.16,57.58
1050,2025-01-01 14:46:52.522468,Payday,113.39,39.93
1051,2025-01-01 14:47:22.943205,Payday,115.87,47.4
1052,2025-01-01 14:47:51.266849,Payday,305.99,164.22
1053,2025-01-01 14:48:09.186698,Normal,62.44,50.83
1054,2025-01-01 14:48:15.512317,Normal,66.39,50.38
1055,2025-01-01 14:48:33.864392,Payday,128.27,64.56
1056,2025-01-01 14:50:27.778280,Payday,142.06,82.32
1057,2025-01-01 14:50:47.671169,Payday,192.38,148.07
1058,2025-01-01 14:50:53.530190,Normal,69.28,45.85
1059,2025-01-01 14:50:53.814058,Payday,163.05,89.38
1060,2025-01-01 14:51:12.963264,Normal,67.04,64.28
1061,2025-01-01 14:51:14.976758,Payday,144.81,87.19
1062,2025-01-01 14:51:15.971113,Normal,53.45,48.68
1063,2025-01-01 14:51:45.867937,Normal,71.16,46.38
1064,2025-01-01 14:52:10.216075,Payday,111.39,153.04
1065,2025-01-01 14:52:19.900763,Payday,179.06,109.02
1066,2025-01-01 14:52:21.597267,Payday,135.26,145.71
1067,2025-01-01 14:53:30.271956,Payday,149.97,140.58
1068,2025-01-01 14:55:57.735044,Normal,41.83,64.62
1069,2025-01-01 14:56:04.115731,Normal,37.11,50.65
1070,2025-01-01 14:56:05.306971,Normal,53.89,63.73
1071,2025-01-01 14:56:06.294348,Payday,118.44,112.53
1072,2025-01-01 14:56:20.110933,Payday,135.1,158.91
1073,2025-01-01 14:57:31.821216,Payday,226.8,109.14
1074,2025-01-01 14:58:01.487077,Normal,84.26,52.09
1075,2025-01-01 14:59:11.844176,Payday,230.85,124.62
1076,2025-01-01 14:59:17.388082,Payday,124.53,115.54
1077,2025-01-01 14:59:39.264216,Normal,57.16,68.43
1078,2025-01-01 15:00:21.630177,Payday,188.67,131.83
1079,2025-01-01 15:00:32.888307,Payday,231.13,117.57
1080,2025-01-01 15:00:45.907235,Normal,20.94,53.98
1081,2025-01-01 15:01:00.051953,Payday,168.69,118.0
1082,2025-01-01 15:01:53.633032,Payday,165.45,140.49
1083,2025-01-01 15:02:16.287817,Normal,61.64,71.05
1084,2025-01-01 15:02:31.417447,Payday,144.14,142.94
1085,2025-01-01 15:03:03.898594,Payday,116.1,179.61
1086,2025-01-01 15:03:36.493533,Normal,34.11,36.45
1088,2025-01-01 15:03:50.700697,Payday,153.94,122.74
1089,2025-01-01 15:03:54.310564,Normal,71.75,44.97
1090,2025-01-01 15:03:56.802630,Payday,207.89,106.1
1091,2025-01-01 15:04:43.614915,Normal,81.9,15.6
1092,2025-01-01 15:05:07.437891,Payday,241.3,136.82
1093,2025-01-01 15:05:08.844109,Payday,187.96,168.49
1094,2025-01-01 15:06:33.228580,Normal,89.94,112.2
1095,2025-01-01 15:06:50.470616,Payday,213.33,143.93
1097,2025-01-01 15:07:05.636492,Normal,63.45,59.95
1098,2025-01-01 15:07:27.784579,Payday,174.62,124.59
1099,2025-01-01 15:07:50.437560,Payday,119.07,98.74
1100,2025-01-01 15:08:19.834819,Payday,147.03,157.45
1101,2025-01-01 15:08:26.871017,Payday,170.08,100.8
1102,2025-01-01 15:09:15.050816,Payday,219.82,143.02
1103,2025-01-01 15:09:16.435364,Payday,197.76,108.78
1104,2025-01-01 15:10:05.348155,Normal,55.59,48.57
1105,2025-01-01 15:10:56.434767,Payday,138.93,101.67
1106,2025-01-01 15:11:08.173525,Normal,73.36,61.5
1107,2025-01-01 15:11:30.103151,Payday,186.41,75.4
1109,2025-01-01 15:12:31.446320,Normal,67.38,39.48
1110,2025-01-01 15:12:55.582568,Normal,45.05,44.4
1111,2025-01-01 15:13:15.709138,Payday,169.68,170.98
1112,2025-01-01 15:13:31.301403,Payday,160.38,108.69
1113,2025-01-01 15:13:56.751072,Payday,222.1,46.28
1114,2025-01-01 15:14:05.999413,Normal,65.65,66.2
1115,2025-01-01 15:15:19.230007,Normal,61.05,37.2
1116,2025-01-01 15:15:41.342104,Payday,204.91,146.09
1117,2025-01-01 15:15:58.534587,Normal,78.27,32.63
1118,2025-01-01 15:16:14.086584,Normal,51.96,15.85
1119,2025-01-01 15:16:28.900420,Payday,217.56,58.81
1120,2025-01-01 15:17:02.832731,Normal,62.4,60.04
1121,2025-01-01 15:18:02.248927,Normal,52.39,16.63
1122,2025-01-01 15:18:07.884680,Payday,146.47,71.49
1123,2025-01-01 15:18:20.462187,Payday,195.34,80.36
1125,2025-01-01 15:19:29.128199,Payday,157.46,134.81
1126,2025-01-01 15:20:00.167891,Normal,60.49,34.83
1127,2025-01-01 15:20:11.642650,Payday,183.48,79.69
1128,2025-01-01 15:20:42.676304,Normal,32.31,31.41
1129,2025-01-01 15:21:03.106564,Payday,180.8,155.67
1130,2025-01-01 15:21:20.758657,Payday,258.12,80.21
1131,2025-01-01 15:21:24.323141,Payday,168.7,103.09
1133,2025-01-01 15:21:52.158136,Normal,51.8,44.57
1134,2025-01-01 15:22:00.638953,Payday,219.81,157.49
1135,2025-01-01 15:22:28.910033,Normal,72.17,27.03
1136,2025-01-01 15:22:41.469307,Payday,162.04,103.76
1137,2025-01-01 15:25:34.221353,Normal,68.58,48.76
1138,2025-01-01 15:26:03.958122,Payday,195.23,181.83
1139,2025-01-01 15:26:25.898324,Normal,64.75,53.79
1140,2025-01-01 15:26:42.304201,Payday,224.89,137.15
1141,2025-01-01 15:27:50.037482,Normal,40.62,63.79
1142,2025-01-01 15:28:28.011144,Normal,48.24,36.19
1143,2025-01-01 15:28:37.485621,Normal,85.58,43.98
1145,2025-01-01 15:29:51.146463,Payday,204.94,192.22
1146,2025-01-01 15:29:54.577997,Payday,164.42,174.23
1147,2025-01-01 15:30:36.263518,Normal,66.12,59.05
1148,2025-01-01 15:31:28.208939,Normal,61.14,64.85
1149,2025-01-01 15:31:32.448598,Payday,215.32,140.66
1150,2025-01-01 15:31:34.913824,Normal,81.26,63.63
1151,2025-01-01 15:32:03.510269,Payday,161.42,153.9
1152,2025-01-01 15:32:15.086690,Normal,48.55,50.76
1153,2025-01-01 15:33:25.211058,Payday,141.11,123.18
1154,2025-01-01 15:33:59.900965,Normal,76.6,62.82
1155,2025-01-01 15:34:54.744338,Normal,35.77,10.0
1156,2025-01-01 15:35:20.040383,Payday,210.11,106.67
1157,2025-01-01 15:35:44.403112,Payday,237.35,45.61
1158,2025-01-01 15:36:07.568500,Payday,177.86,136.8
1159,2025-01-01 15:36:15.444837,Payday,180.99,41.47
1160,2025-01-01 15:36:35.992531,Normal,49.51,40.15
1161,2025-01-01 15:36:45.539048,Payday,117.18,130.45
1162,2025-01-01 15:37:27.360709,Payday,160.79,130.75
1163,2025-01-01 15:37:31.720196,Normal,49.58,56.6
1164,2025-01-01 15:37:54.826629,Payday,235.1,121.75
1165,2025-01-01 15:38:16.768017,Normal,67.23,60.95
1166,2025-01-01 15:38:27.804247,Normal,42.82,22.73
1167,2025-01-01 15:38:48.938630,Normal,56.55,32.97
1168,2025-01-01 15:38:50.725078,Payday,175.16,149.09
1169,2025-01-01 15:39:04.510247,Payday,163.29,121.68
1170,2025-01-01 15:39:21.848545,Payday,253.91,167.62
1171,2025-01-01 15:39:32.507494,Payday,218.15,206.87
1172,2025-01-01 15:41:30.154862,Payday,179.14,119.31
1173,2025-01-01 15:41:38.860450,Normal,67.1,31.47
1174,2025-01-01 15:41:44.786670,Normal,44.44,64.88
1175,2025-01-01 15:41:48.538309,Normal,74.64,68.37
1176,2025-01-01 15:42:45.334304,Normal,38.74,62.0
1177,2025-01-01 15:42:50.687002,Payday,177.94,87.64
1178,2025-01-01 15:42:54.554965,Normal,61.69,58.9
1179,2025-01-01 15:43:18.972299,Normal,36.21,12.4
1180,2025-01-01 15:43:42.327243,Normal,76.29,71.1
1181,2025-01-01 15:43:47.978418,Normal,20.46,50.07
1182,2025-01-01 15:43:59.044020,Payday,202.23,110.94
1183,2025-01-01 15:44:45.175534,Payday,164.96,97.56
1184,2025-01-01 15:44:51.911473,Payday,134.6,118.42
1185,2025-01-01 15:44:52.985308,Normal,46.12,55.11
1186,2025-01-01 15:45:05.504441,Payday,172.65,91.33
1187,2025-01-01 15:45:17.019557,Payday,152.3,72.32
1188,2025-01-01 15:45:19.659065,Normal,99.31,27.76
1189,2025-01-01 15:45:28.443542,Payday,196.31,143.24
1190,2025-01-01 15:45:38.116646,Payday,125.34,64.22
1191,2025-01-01 15:46:03.966544,Payday,165.8,218.43
1192,2025-01-01 15:46:29.916216,Payday,214.29,180.99
1194,2025-01-01 15:46:43.918390,Normal,65.42,56.77
1195,2025-01-01 15:46:48.261128,Payday,220.62,73.13
1196,2025-01-01 15:47:03.831556,Normal,76.45,37.49
1197,2025-01-01 15:47:21.837338,Normal,65.01,44.05
1198,2025-01-01 15:47:55.125238,Payday,96.13,112.61
1199,2025-01-01 15:47:56.156548,Payday,111.95,134.96
1200,2025-01-01 15:48:40.814304,Normal,55.86,68.81
1201,2025-01-01 15:50:04.958272,Payday,204.28,46.32
1202,2025-01-01 15:50:17.375650,Payday,187.48,135.54
1203,2025-01-01 15:50:22.176227,Payday,238.15,93.62
1204,2025-01-01 15:50:59.647187,Payday,178.7,111.25
1205,2025-01-01 15:51:09.540969,Payday,179.1,159.59
1206,2025-01-01 15:52:14.503463,Normal,31.85,62.39
1207,2025-01-01 15:52:15.381142,Payday,210.99,179.46
1208,2025-01-01 15:53:02.580985,Normal,79.34,69.36
1209,2025-01-01 15:53:02.832951,Normal,69.77,27.25
1210,2025-01-01 15:53:35.096152,Payday,198.18,70.86
1211,2025-01-01 15:54:28.514713,Payday,238.44,120.1
1212,2025-01-01 15:54:30.467109,Payday,128.9,166.26
1213,2025-01-01 15:54:32.332175,Normal,66.15,32.78
1214,2025-01-01 15:54:56.329750,Payday,202.28,76.34
1215,2025-01-01 15:55:19.495857,Payday,147.43,73.39
1216,2025-01-01 15:56:05.075579,Payday,136.97,133.46
1217,2025-01-01 15:56:48.438145,Payday,174.93,97.96
1218,2025-01-01 15:57:10.662816,Payday,185.94,107.93
1219,2025-01-01 15:57:44.409908,Payday,196.0,126.63
1220,2025-01-01 15:58:12.038154,Payday,210.3,86.48
1221,2025-01-01 15:58:27.128227,Normal,60.23,68.05
1222,2025-01-01 15:59:35.574325,Normal,73.9,28.03
1223,2025-01-01 15:59:44.772607,Normal,62.58,61.07
1224,2025-01-01 16:00:41.351855,Normal,75.67,60.74
1225,2025-01-01 16:01:29.283727,Normal,45.76,78.69
1226,2025-01-01 16:01:47.463816,Normal,41.47,73.29
1227,2025-01-01 16:02:04.408671,Payday,116.44,135.97
1228,2025-01-01 16:02:55.923531,Normal,55.06,64.64
1229,2025-01-01 16:04:31.081140,Normal,71.35,62.25
1230,2025-01-01 16:05:04.509611,Payday,139.25,87.41
1231,2025-01-01 16:05:18.613895,Payday,220.99,166.74
1232,2025-01-01 16:05:29.643904,Normal,58.54,39.92
1233,2025-01-01 16:05:33.824547,Normal,59.41,47.31
1234,2025-01-01 16:06:19.762522,Normal,32.82,62.81
1236,2025-01-01 16:07:34.734393,Normal,76.07,90.4
1237,2025-01-01 16:08:04.128411,Normal,63.74,70.9
1238,2025-01-01 16:08:15.745478,Payday,197.21,159.76
1239,2025-01-01 16:08:21.956058,Payday,181.84,110.3
1240,2025-01-01 16:08:30.221389,Normal,86.53,40.16
1241,2025-01-01 16:08:34.819483,Payday,174.39,106.58
1242,2025-01-01 16:08:36.761692,Payday,252.34,155.86
1243,2025-01-01 16:08:56.016130,Payday,162.26,109.19
1244,2025-01-01 16:09:34.970360,Payday,224.01,183.19
1245,2025-01-01 16:10:04.021102,Normal,56.9,61.21
1246,2025-01-01 16:10:18.912070,Payday,208.96,155.96
1247,2025-01-01 16:10:19.648528,Payday,138.82,129.08
1248,2025-01-01 16:11:00.700128,Payday,177.64,121.88
1249,2025-01-01 16:11:24.272029,Payday,182.4,124.95
1250,2025-01-01 16:11:49.862772,Payday,128.9,183.09
1251,2025-01-01 16:12:52.462481,Normal,60.02,24.46
1252,2025-01-01 16:13:01.641129,Payday,144.41,81.57
1253,2025-01-01 16:13:37.343076,Normal,66.06,29.56
1254,2025-01-01 16:14:17.296824,Payday,208.08,83.98
1255,2025-01-01 16:14:22.998056,Normal,74.29,59.47
1256,2025-01-01 16:15:23.211610,Normal,45.3,111.24
1257,2025-01-01 16:16:16.286029,Normal,47.89,47.02
1258,2025-01-01 16:16:24.289376,Payday,245.69,160.17
1259,2025-01-01 16:16:44.292719,Normal,43.04,62.45
1261,2025-01-01 16:17:00.054527,Payday,156.1,124.42
1262,2025-01-01 16:17:37.936684,Payday,155.85,178.35
1263,2025-01-01 16:17:43.925255,Normal,57.5,54.24
1264,2025-01-01 16:17:59.705474,Payday,241.79,144.16
1265,2025-01-01 16:18:24.041935,Normal,73.43,37.37
1266,2025-01-01 16:19:29.040742,Payday,184.94,111.33
1267,2025-01-01 16:19:45.035095,Payday,198.03,128.39
1268,2025-01-01 16:20:05.055993,Payday,190.47,169.37
1269,2025-01-01 16:20:09.440416,Payday,153.16,76.17
1270,2025-01-01 16:20:59.692323,Payday,211.98,167.68
1271,2025-01-01 16:21:20.794855,Normal,64.33,51.5
1272,2025-01-01 16:21:54.844762,Payday,219.51,138.37
1273,2025-01-01 16:22:00.452505,Payday,168.26,135.34
1274,2025-01-01 16:23:48.273223,Payday,95.9,93.06
1275,2025-01-01 16:24:54.042848,Normal,56.91,35.07
1276,2025-01-01 16:24:56.253371,Normal,50.11,35.9
1278,2025-01-01 16:25:20.494732,Payday,114.51,149.95
1279,2025-01-01 16:25:20.748567,Normal,34.47,40.74
1280,2025-01-01 16:25:39.637530,Payday,162.73,75.49
1281,2025-01-01 16:26:08.776770,Normal,41.95,29.16
1282,2025-01-01 16:26:29.885533,Normal,53.16,53.63
1283,2025-01-01 16:26:31.250122,Payday,181.37,85.82
1284,2025-01-01 16:26:36.976460,Normal,54.31,56.64
1285,2025-01-01 16:27:04.791900,Normal,62.76,103.86
1286,2025-01-01 16:27:05.582370,Payday,191.33,115.92
1287,2025-01-01 16:27:09.459208,Normal,38.6,65.63
1288,2025-01-01 16:27:40.510963,Normal,42.21,10.0
1289,2025-01-01 16:28:08.702196,Payday,153.55,111.98
1290,2025-01-01 16:28:46.843235,Payday,259.99,77.82
1291,2025-01-01 16:29:16.898554,Payday,189.56,174.8
1292,2025-01-01 16:29:33.946070,Normal,85.54,48.51
1293,2025-01-01 16:30:07.752397,Normal,55.9,71.09
1294,2025-01-01 16:30:18.723791,Payday,238.19,195.23
1295,2025-01-01 16:30:23.728031,Normal,63.93,24.9
1296,2025-01-01 16:31:30.050076,Normal,63.25,28.05
1297,2025-01-01 16:31:58.123755,Payday,103.47,81.4
1299,2025-01-01 16:33:04.445242,Payday,144.25,75.84
1300,2025-01-01 16:33:05.453922,Normal,78.27,39.74
1301,2025-01-01 16:33:13.452265,Payday,193.64,109.92
1302,2025-01-01 16:33:14.523077,Payday,226.46,112.6
1303,2025-01-01 16:33:19.190991,Normal,61.74,33.1
1304,2025-01-01 16:34:15.144296,Normal,52.03,59.68
1305,2025-01-01 16:34:48.656562,Normal,49.76,36.46
1306,2025-01-01 16:35:13.694222,Payday,179.43,112.14
1307,2025-01-01 16:35:13.993803,Payday,181.61,155.8
1308,2025-01-01 16:35:50.837465,Normal,64.44,57.5
1309,2025-01-01 16:35:54.213596,Payday,190.56,68.65
1310,2025-01-01 16:36:20.449238,Normal,50.44,59.17
1311,2025-01-01 16:36:38.841833,Normal,49.28,44.77
1312,2025-01-01 16:36:44.716179,Payday,220.07,136.02
1314,2025-01-01 16:37:06.975446,Normal,58.96,67.8
1315,2025-01-01 16:37:08.914207,Payday,137.94,45.93
1316,2025-01-01 16:37:25.813055,Normal,50.9,59.15
1317,2025-01-01 16:38:29.769601,Payday,189.55,69.05
1318,2025-01-01 16:40:37.960347,Payday,129.63,103.83
1319,2025-01-01 16:41:03.853444,Payday,215.51,175.94
1320,2025-01-01 16:41:09.730394,Payday,159.6,95.96
1321,2025-01-01 16:41:54.201208,Payday,204.29,77.05
1322,2025-01-01 16:42:30.288815,Normal,51.01,27.8
1323,2025-01-01 16:42:45.161359,Payday,240.53,151.06
1324,2025-01-01 16:43:02.385648,Payday,173.13,114.13
1325,2025-01-01 16:43:13.116449,Normal,50.24,50.04
1327,2025-01-01 16:43:31.949739,Payday,184.74,74.72
1328,2025-01-01 16:43:49.854846,Payday,252.46,143.16
1329,2025-01-01 16:43:58.969363,Payday,99.91,73.25
1330,2025-01-01 16:44:21.087899,Payday,208.69,85.62
1331,2025-01-01 16:44:38.088067,Payday,112.33,93.03
1332,2025-01-01 16:44:45.718873,Payday,177.47,116.86
1333,2025-01-01 16:44:52.981617,Normal,53.25,75.14
1334,2025-01-01 16:45:27.873196,Payday,247.88,199.6
1335,2025-01-01 16:48:54.759381,Payday,242.71,149.94
1336,2025-01-01 16:49:16.486767,Payday,115.78,90.59
1337,2025-01-01 16:49:19.692003,Payday,139.68,123.4
1338,2025-01-01 16:49:43.694729,Normal,73.04,40.89
1340,2025-01-01 16:52:03.958129,Payday,170.29,162.31
1341,2025-01-01 16:52:26.832853,Payday,223.9,73.12
1342,2025-01-01 16:53:19.652156,Payday,164.5,148.5
1343,2025-01-01 16:53:23.223510,Payday,118.68,69.45
1344,2025-01-01 16:54:10.327323,Payday,172.54,100.83
1345,2025-01-01 16:56:12.738007,Normal,72.37,66.32
1346,2025-01-01 16:56:57.111350,Payday,193.31,127.99
1347,2025-01-01 16:57:29.295929,Normal,47.63,37.83
1348,2025-01-01 16:58:10.698304,Payday,231.99,91.44
1349,2025-01-01 16:58:28.746093,Normal,65.29,38.59
1350,2025-01-01 16:58:51.489781,Normal,59.06,12.99
1351,2025-01-01 16:59:36.108868,Payday,180.62,129.82
1352,2025-01-01 16:59:49.886766,Payday,165.49,58.9
